{"train_loss": [0.5949595059490204, 0.2807678444099426, 0.2254339616584778, 0.21939572317123412, 0.21595659071922302, 0.21385127987861632, 0.20465537249088286, 0.20282940254211426, 0.2047340999031067, 0.21631364271163941, 0.21762361788749696, 0.22352639182090758, 0.23446177386283876, 0.23303984033584596, 0.24336591069221497, 0.24382465223312377, 0.24858751129150392, 0.25097482584953307, 0.24781662868499757, 0.25172452027320863, 0.25097418865680693, 0.25493435349464416, 0.2470327959918976], "train_acc": [0.80298, 0.90386, 0.92284, 0.92402, 0.92496, 0.92606, 0.92936, 0.93012, 0.92966, 0.92564, 0.92534, 0.9232, 0.91928, 0.91996, 0.91764, 0.91654, 0.91446, 0.9137, 0.9147, 0.91244, 0.91336, 0.91364, 0.91596], "val_loss": [0.4140646161556244, 0.4818551962852478, 0.3792814140319824, 0.7015819860458374, 0.6966417562007904, 0.5083914051055908, 0.6043562343597412, 0.4338046557188034, 0.4573798410892487, 0.4951867343902588, 0.566999397277832, 0.5078745411872864, 0.5252770009994507, 0.6008679033279419, 0.5540772068023682, 0.6039722532272339, 0.679810764503479, 0.5140344353675842, 0.5471138716220856, 0.5514395003318786, 0.6641084637641906, 0.574575232410431, 0.7881498498916626], "val_acc": [0.8569, 0.8406, 0.8713, 0.7776, 0.7876, 0.8306, 0.8022, 0.8572, 0.8521, 0.8384, 0.8188, 0.8315, 0.8289, 0.807, 0.8211, 0.8097, 0.789, 0.8339, 0.8199, 0.8186, 0.7939, 0.8164, 0.7474]}