{"train_loss": [0.41936722018241884, 0.27092763058662417, 0.24897780754089355, 0.23341544916152954, 0.22340608947753907, 0.21193458184242248, 0.20143656474113464, 0.19569065644741057], "train_acc": [0.86722, 0.90806, 0.91608, 0.92058, 0.92474, 0.92686, 0.93196, 0.9341], "val_loss": [0.3518693962097168, 0.372763475561142, 0.4333800392150879, 0.3703904551565647, 0.38938458828926087, 0.39603783473968507, 0.40005333943367005, 0.39031985071897507], "val_acc": [0.8801, 0.8781, 0.8541, 0.8796, 0.8714, 0.8648, 0.8672, 0.8707]}