{"train_loss": [0.5807999696063996, 0.2758319685745239, 0.22815115451812745, 0.2126367635679245], "train_acc": [0.80774, 0.90596, 0.92066, 0.92674], "val_loss": [0.3941494815349579, 0.5275379106521606, 0.4879957695007324, 0.5251288572311401], "val_acc": [0.8649, 0.8219, 0.8359, 0.8275]}