{"train_loss": [0.4583610964202881, 0.29841690512657165, 0.2542724849319458, 0.2253604911851883, 0.21209480256319047, 0.19524732330799102, 0.18299482132673264, 0.16923662892341615, 0.15526176440000533, 0.14545478983402252], "train_acc": [0.84752, 0.89838, 0.91446, 0.92174, 0.92624, 0.9328, 0.93802, 0.9416, 0.94628, 0.94924], "val_loss": [0.3685972207069397, 0.34492874784469607, 0.3621485088825226, 0.3914611241340637, 0.3147898072719574, 0.36765513401031497, 0.33151015089154245, 0.33255999817848203, 0.3642126992225647, 0.38334606590271], "val_acc": [0.8736, 0.8833, 0.8763, 0.8742, 0.8935, 0.8779, 0.8931, 0.8936, 0.8879, 0.8769]}