{"train_loss": [1.4990922066879273, 1.0017336938476562, 0.7972048247718811, 0.6863327694320679, 0.6004073140716553, 0.5439555503463746, 0.4982218952941895, 0.4472952121353149, 0.4120451891613007, 0.36517465554237366, 0.3341272205448151, 0.30050928644180297, 0.28182983350276947, 0.24968147751808167, 0.2295601720714569, 0.2130259421312809, 0.19631826714992523, 0.18788997151851655, 0.17071596195697786, 0.16580861344814302], "train_acc": [0.46086, 0.6423, 0.72108, 0.76126, 0.7907, 0.8124, 0.82816, 0.84558, 0.85874, 0.87292, 0.88374, 0.89494, 0.90098, 0.91274, 0.91938, 0.92486, 0.93134, 0.93454, 0.93996, 0.94076], "val_loss": [1.2046482654571533, 0.9143337691307067, 0.8136197768211365, 0.9137016863822937, 0.7787495122909546, 0.7044163190841675, 0.6442317583084106, 0.6125696661949158, 0.5599202515125274, 0.6527627822875977, 0.5732030278205872, 0.562391820526123, 0.6102746005058288, 0.5403844876289368, 0.5035098512560129, 0.6054511694908142, 0.5564227801322937, 0.5647223237991333, 0.5445782492637634, 0.5724412176132202], "val_acc": [0.5654, 0.6829, 0.7206, 0.7007, 0.7366, 0.7637, 0.7855, 0.7939, 0.8086, 0.7931, 0.8132, 0.8144, 0.8016, 0.8315, 0.8382, 0.8155, 0.8305, 0.8258, 0.8346, 0.8274]}